commission,1
wip,166
workinprogress,157
acrylicpainting,123
painting,163
portrait,18
petportrait,1
portraits,1
Ã©roticart,1
oilpaintings,1
artshow,6
artiststalk,1
artistsoninstagram,5
artoftheday,2
art,262
artist,165
oilpainting,20
easel,1
seaf2024,2
seattleartist,13
artprocess,102
mural,2
muralartist,1
spraypaint,1
sprayart,2
emergingartist,64
seattle,11
seattlemural,1
mightyboosh,3
chameleon,1
milkyjoe,1
seacompression,4
oilpainter,7
livepainting,3
wipart,33
wipoilpainting,2
goth,1
psychedelic,172
acrylic,169
acrylicart,152
wipacrylic,35
pandora,1
lettering,1
letteringart,1
contemporaryartist,46
ramdass,3
eroticart,2
mandala,1
muralpainting,1
graffiti,1
mysterybabylon,3
artforsale,14
blacklightart,5
blacklights,1
groovingforgood,1
thewoodsseattle,1
seaf2023,2
popsurrealism,97
mylifewiththethrillkillkult,1
artistfail,1
nontoxic,1
artiststudio,1
artstudio,4
selfie,1
throwback,1
mixedmedia,3
moth,3
entomology,1
wipmixedmedia,1
visionaryart,62
dhumavati,2
mahavidya,1
hinduism,1
tantra,3
seekingsoma,37
seekingsomart,9
seaf2022,12
artprint,11
giclee,18
gicleeprints,9
psychedelicart,114
cuddlepuddle,10
flamingjune,14
latinoartist,9
latinartist,9
oilportrait,2
artistavisual,1
printsforsale,5
printsavailablesoon,1
printsavailable,1
gicleeprint,1
seekingsomaart,14
preorder,1
blazingjune,1
swsfeature,10
artprints,6
blazingbeauties,1
portraitpainting,9
tibetanbuddhism,2
tibetannuns,1
robinacourtin,1
emergingart,40
contemporarypainting,1
soloshow,1
paintings,2
seattleart,2
buddhistart,44
buddhist,20
buddhism,26
buddhistartist,21
oilwip,2
alanwallace,1
wipoil,1
chimera,1
jackelope,1
cannabis,1
greenman,1
thegreenman,1
tibetanbuddhist,1
jetsunmatenzinpalmo,1
jetsunma,1
virginmary,2
virgenmaria,1
avemaria,1
festivalgirl,4
festie,3
dreadlocks,2
beautifulbizarre,3
curlyfries,1
eyeball,2
epoxy,60
epoxyresin,48
epoxypainting,37
resinart,27
bicycleday,18
scarves,1
limitededition,2
productdrop,2
ayahuasca,40
snakes,38
pashmina,2
pashminascarf,1
drop,1
emergingartists,22
squiggles,2
einsof,1
kaballah,1
treeoflife,1
shiny,2
festiebestie,1
signature,1
iguana,1
blood,1
tapestries,1
mothermary,1
yamantaka,1
yidam,1
flowers,15
pillows,1
abstractart,2
midnightgospel,1
birthdayboy,1
buddha,58
socialmediafatigue,1
newpainting,1
tshirtdesign,1
cognitiveliberty,2
alberthoffman,17
hookerwithapenis,1
sendmoremoney,1
tshirts,1
billhicks,1
revengeislikecoldcuts,1
lsd,11
psychedelics,51
zigzagzen,26
psychedelicbuddhism,53
revenge,1
illcutabitch,1
aintnoonefuckswithtinyhippo,1
epoxypour,1
experimentsinart,4
redpaint,1
arttechniques,1
seattleartpost,9
acrylicpainter,1
goldenpaints,10
lightsource,1
paintingprocess,58
paintingtechniques,1
blacklight,21
processartist,2
420,1
pillowpuddle,1
artsupplies,9
pearlescent,1
acrylicpaint,6
ringsofsaturn,1
johnsingersargent,5
coffeetable,13
professionalartist,10
vines,34
passionflower,32
passionfruit,32
molecules,37
process,60
molecule,30
yage,30
toad,28
toads,28
5meo,28
harmaline,29
dmt,30
5meodmt,28
nndmt,27
paintingtools,1
paintinghacks,1
bikeday,10
blotterart,22
blotter,3
goldleaf,1
goldleafart,1
mochipet,1
timelapseart,1
timelapse,1
edmmusic,1
drawing,41
procreateart,1
procreatevideo,1
blackandwhite,30
carveouttimeforart,1
creativeprocess,1
artistlife,1
inthestudio,1
livecolorfully,1
studiovibes,1
makeart,1
stateofthestudio,1
coronaissance,2
coronart,2
sculpture,20
monsterclay,2
hatha,1
hathayoga,1
design,1
studiolife,1
21,1
werewolf,14
werewolftheapocalypse,12
vtm,13
vampirethemasquarade,16
vampire,16
rpg,14
roleplayinggame,16
cwod,18
owod,17
worldofdarkness,18
tarotcard,29
artista,23
ink,22
inkdrawing,21
tarot,20
character,15
illustration,19
worldofdarknesstarot,11
mage,12
magetheascension,17
mta,11
cogntiverights,1
procreate,10
digitaldrawing,6
digitaldrawings,6
digitalart,8
study,5
jimihendrix,4
jimi,4
areyouexperienced,4
prints,6
burnerart,2
lowbrowart,17
lowbrow,14
furniture,14
furnitureart,14
visionaryartist,34
maryjane,4
sargent,4
indica,1
sativa,1
amanitamuscaria,1
psychedelicbookclub,1
bookclub,1
lisafrank,5
anaisnin,3
ecstacy,3
cultofecstasy,3
namastemotherfuckers,2
burner,2
burnergirls,1
printforsale,1
iloveyoumaryjane,1
freddiemercury,2
queen,2
freddymercury,1
bitemyheadoff,1
deadbird,2
mementomori,3
realism,3
darkart,1
darkartist,1
maitreya,28
bodhisattva,28
secularbuddhism,26
processart,25
kitties,1
seacompression2019,1
burningman,1
buddhistgeeks,1
resist,1
arthacks,1
glassesboy,1
outsiderart,1
outsiderartist,1
molotov,1
buddhista,1
shakti,1
shiva,1
hustle,1
trippy,29
tapestry,1
tapestrydecor,1
stilllife,1
notastilllife,1
digitalcollage,1
underpainting,10
vajrayana,1
criticalnw,1
sharpie,1
laptop,1
laptopcover,1
laptoplifestyle,1
work,1
doodles,3
artists,9
ganesh,2
frogs,1
snakehead,1
showerthoughts,1
artlessons,1
giveaway,1
books,7
bookgiveaway,1
holi,11
reality,2
book,1
psychedelictrip,1
tripping,1
tripreport,1
paintinginprogress,1
wings,1
saturday,1
meditation,2
selfcare,1
rest,1
resting,1
sculpey,16
thedrawnk,13
licenseplate,1
richmondva,1
rva,4
rivercity,1
forsalebyartist,13
forsale,14
fluorescent,7
flourescentart,7
artmaterials,7
peacockdreams,1
artforsalebyartist,4
flowerart,2
mayflowers,1
aprilshowers,1
tool,1
toolband,1
toolalbum,1
maynard,1
maynardjameskeenan,1
aperfectcircle,1
puscifer,1
albumdrop,1
epoxyart,16
whoadude,15
thirdeye,13
visuals,9
lsdtrip,10
internationalbikeday,9
diadelabicicleta,9
diadelabici,9
bikeillustration,9
bikelove,9
stickers,1
stickerart,1
stickerartist,1
entrepreneur,4
artbusiness,2
product,2
notdrugs,2
psa,1
themoreyouknow,2
confession,1
passionate,1
blotters,1
swag,1
measuretwicecutonce,1
grisaille,6
uv,6
highart,4
artsubmission,1
naturalcannabis,1
bl,1
blacklightartist,2
vipassana,1
mindfulness,1
mindfulart,1
muse,1
musemeditation,1
hotei,3
highartist,3
flowerpainting,1
proartists,3
20,1
poster,1
artcollector,4
popart,1
juxtapoz,1
surrealism,1
contemporaryartgallery,1
beautifulbizarremagazine,1
hifructose,1
hifructosemag,1
19,1
mouths,1
18,1
causality,1
artistofinstagram,1
artfurniture,2
mentalhealth,2
depression,2
doodlesketch,2
drawinginprogress,3
17,1
donnieyen,1
inception,1
workingartist,1
starvingartist,1
coloredpencil,3
ghostgallery,1
thetower,1
thefall,1
madmen,1
psychedelia,1
colors,2
bookcollector,2
psychedelicbooks,1
timotyleary,1
inspiration,1
artblock,1
notebook,2
sketchbook,2
artbook,1
16,1
geometric,1
contemporaryart,1
abstract,1
abstractpainting,1
onesie,1
onesiepubcrawl,1
pubcrawl,1
random,1
pikeplace,1
harborsteps,1
nightout,1
artbooks,3
collector,1
artcollection,2
jeremygeddes,1
jeremyispainting,1
artstruggles,1
professional,1
website,1
comment,1
braintrust,1
artquestion,1
tarotcards,2
gallery,1
gallerysubmission,1
divination,1
tarotdeck,1
tarotart,1
inkdrawings,1
sketch,5
artwork,1
15,1
autobiography,1
originstory,1
whoami,1
visonaryartist,1
venezuela,2
artistalatino,1
crystalmethod,1
substation,1
livemusic,2
doodle,4
pax,1
latin,1
14,1
waxart,1
wax,2
waxsculpture,3
vcu,1
college,2
collegework,1
studentwork,1
figurativeart,1
figures,1
creativity,1
13,1
vmfa,1
richmondvirginia,2
holofernes,1
ocasiocortez,1
symbolism,1
aztec,1
mayan,1
latino,1
latina,1
comicbooks,1
graphicnovel,1
12,1
odin,1
christmas,2
christmasgifts,1
gifts,1
johnspeaker,1
visionary,3
artandculture,1
nude,1
directpainting,1
bananas,1
negativevalues,1
values,1
shading,1
boredinclass,1
charcoaldrawing,1
whitecharcoal,1
christmaspresents,1
masks,1
ivorycoast,1
ghana,1
nepal,1
nepalesemasks,1
africanmasks,1
nepalese,1
african,1
giveart,1
artgift,1
11,1
silentstrider,1
communitymonday,1
painter,1
reshare,1
nndmtdimethyltryptamine,1
soul,1
father,1
surreal,1
homeless,1
dad,1
iloveyou,1
schizophrenia,1
watercolor,1
paintingsbymydad,1
ventilation,1
rolemodels,1
rolemodel,1
processvideo,1
nofilter,1
resin,2
resinmolds,1
resinartwork,1
resinartist,1
artresin,1
lifelessons,1
tattoo,2
tshirt,1
saqi,1
desertdwellers,1
yaima,1
nectarlounge,2
ryanreynolds,1
nectarloungeseattle,2
bookshelf,3
alexgray,1
fish,1
tibet,1
mcescher,1
stanislavgrof,1
stangrof,1
ebenalexander,1
hiphop,1
blackalicious,1
live,1
concert,1
show,1
religion,2
bondage,2
madamex,2
bigfreedia,1
twerking,1
bounce,1
artpants,1
paint,2
2cb,1
mdmazing,1
goldenopenacrylics,1
goldenhighflowacrylics,1
goldenopen,1
goldenhighflow,1
largepainting,1
hate,1
ifuckedup,1
ramimalek,2
mrrobot,1
gargoyle,1
tremere,1
gelpen,1
potato,1
colorful,1
tattoohealing,1
eleusis,1
persephone,1
demeter,1
gross,1
nickcave,2
nickcaveandthebadseeds,2
grinderman,1
rockandroll,1
occult,2
summoningcircle,1
satan,1
octopus,2
raven,1
cthulhu,1
minneapolis,1
ghostrider,1
marvel,1
agentsofshield,1
comic,1
comicbook,1
markers,1
library,1
productivity,1
software,1
ludert,1
whitewolf,1
furry,1
yiff,1
wod,2
mysterypainting,1
neurotic,1
anxiety,1
pieta,1
werewolftheapocalype,1
funeraryportrait,1
poverty,1
impermanence,1
yolo,1
pam,1
restinpeace,1
babayaga,1
galaxydiner,1
rubikscube,1
chooseyourownadventure,1
bird,1
imsogoth,1
gotherthanthou,1
digital,1
oldworldofdarkness,1
mom,1
portait,1
collage,1
ravens,1
attitude,2
hijab,1
hijabfashion,1
islam,1
feminism,1
face,1
johnsargent,1
